{
    "id": "1726498781158",
    "isMark": false,
    "pdfs": [
        {
            "path": "\u8cc7\u8a0a\u5b89\u5168\u5be6\u52d9\u8207\u7ba1\u7406_\u8b1b\u7fa9",
            "name": "CH02_Authentication"
        }
    ],
    "title": "\"Securing Access in the Digital Age: The Importance of Biometric Authentication and System Auditing\"",
    "content": "Establishing Secure Access: Biometric Authentication and System Auditing are Essential Mechanisms for Enforcing Security Policies, Ensuring Identity Verification through Fingerprint, Palm Print, Iris Patterns, and Thumbprint Technology, while also Implementing Access Control Administration to Monitor and Manage Object Access.",
    "zh_content": "\u78ba\u4fdd\u5b89\u5168\u5b58\u53d6\uff1a\u751f\u7269\u8b58\u5225\u9a57\u8b49\u548c\u7cfb\u7d71\u5be9\u8a08\u662f\u57f7\u884c\u5b89\u5168\u653f\u7b56\u3001\u78ba\u4fdd\u8eab\u4efd\u9a57\u8b49\u901a\u904e\u6307\u7d0b\u3001\u638c\u5370\u3001\u77b3\u5b54\u5716\u6848\u548c\u62c7\u6307\u6280\u8853\uff0c\u4ee5\u53ca\u5be6\u65bd\u5b58\u53d6\u63a7\u5236\u7ba1\u7406\u4f86\u76e3\u63a7\u548c\u7ba1\u7406\u5c0d\u8c61\u5b58\u53d6\u7684\u5fc5\u8981\u6a5f\u5236\u3002",
    "quiz": {
        "TF": [
            {
                "question": "True or False: A smartcard is an example of centralized access control administration.",
                "answer": "false"
            },
            {
                "question": "True or False: Most common design in commercial operating systems ensures that changes at one security level do not bleed over into other levels.",
                "answer": "false"
            },
            {
                "question": "What type of device is typically associated with Type 2 identity verification?",
                "answer": "Smart card, token device"
            }
        ],
        "CH": [
            {
                "question": "What does Hand Geometry use for messages?",
                "choices": [
                    "Asymmetric key cryptography",
                    "Symmetric key cryptography",
                    "Fingerprinting and face recognition",
                    "Voice recognition"
                ],
                "answer": "B. Symmetric key cryptography"
            },
            {
                "question": "What is the primary goal of ensuring changes at one security level do not bleed over into other levels?",
                "choices": [
                    "To improve user experience",
                    "To increase environmental impact",
                    "To prevent horizontal privilege escalation",
                    "To reduce system performance"
                ],
                "answer": "C"
            },
            {
                "question": "Which of the following best describes a limitation of human involvement in cryptographic operations?",
                "choices": [
                    "Humans can securely store high-quality cryptographic keys.",
                    "They are capable of performing cryptographic operations at an acceptable speed and accuracy.",
                    "Humans have unacceptable limitations when it comes to storing and performing cryptographic tasks.",
                    "Biometric data is highly secure for authentication purposes."
                ],
                "answer": "c"
            }
        ],
        "BK": [
            {
                "question": "What is used to identify and validate a user, including passwords, smart cards, and biometrics?",
                "answer": "Authentication methods"
            },
            {
                "question": "What type of card can be used for identification, such as an ATM card or smartcard?",
                "answer": "Identification cards"
            },
            {
                "question": "Which security philosophy suggests that users should only have access to the minimum level of privileges required to perform their tasks?",
                "answer": "Least privilege philosophy"
            },
            {
                "question": "Why are biometrics often considered less effective for identification compared to fingerprints?",
                "answer": "Biometric methods can be much worse than fingerprinting"
            },
            {
                "question": "What is useful about using biometrics for authentication?",
                "answer": "Biometrics are useful for authentication purposes"
            },
            {
                "question": "What type of biometrics are generally considered almost useless today for identification purposes?",
                "answer": "ID biometrics"
            },
            {
                "question": "Who is often responsible for enforcing security policies?",
                "answer": "A member of IT"
            },
            {
                "question": "What factors should be considered when determining the level of security required?",
                "answer": "User and environmental impact of security measures"
            },
            {
                "question": "What do clipping levels in data collection set thresholds for?",
                "answer": "When to start collecting data"
            },
            {
                "question": "What is a major area of research today, driven by the need for cheap and reliable biometrics?",
                "answer": "Iris Patterns"
            }
        ],
        "QA": [
            {
                "question": "What are some types of authentication?",
                "answer": "Biometric, password, iris patterns and error comparison."
            },
            {
                "question": "What is a centralized access control administration?",
                "answer": "Centralized access control administration refers to the management and control of user access to systems, networks, or resources in a single, unified manner."
            },
            {
                "question": "Suppose an attacker gets access to a password file containing hashed passwords. What might they do?",
                "answer": "They might attempt to use a process called brute-forcing or rainbow-table attacks to try and crack the hashed passwords and gain unauthorized access to systems."
            },
            {
                "question": "What are crypto keys used for in password management?",
                "answer": "Crypto keys are used to securely encrypt and decrypt sensitive data, such as passwords, to protect them from unauthorized access."
            },
            {
                "question": "What is the primary challenge when achieving user compliance?",
                "answer": "User compliance hard to achieve"
            },
            {
                "question": "What additional requirement often accompanies access to sensitive information?",
                "answer": "proper security clearance and a need to know"
            },
            {
                "question": "Which types of attacks can compromise crypto keys?",
                "answer": "Brute force attacks, dictionary attacks, login spoofing"
            },
            {
                "question": "How are some secure entries implemented for high-security systems?",
                "answer": "Thumbprint mouse - Palm print"
            }
        ]
    },
    "exe_time": 7046.171041727066,
    "chat": ""
}