{
    "id": "1726464338884",
    "isMark": true,
    "pdfs": [
        {
            "path": "\u8cc7\u8a0a\u5b89\u5168\u5be6\u52d9\u8207\u7ba1\u7406_\u8b1b\u7fa9",
            "name": "CH01_Introducing Computer and Network Security"
        }
    ],
    "title": "\"Proactive Information Security Strategies\"",
    "content": "Effective information security requires a proactive approach that balances competing priorities, including security, user convenience, business objectives, and expenses. To mitigate threats from hackers, malicious code objects, and insiders, organizations must assign dollar values to each risk based on asset value, exposure factor, and other key metrics, then take preventative measures such as implementing firewalls to reduce the risk of loss.",
    "zh_content": "\u6709\u6548\u7684\u8cc7\u8a0a\u5b89\u5168\u9700\u8981\u63a1\u53d6\u7a4d\u6975\u7684\u65b9\u6cd5\uff0c\u5e73\u8861\u7af6\u722d\u6027\u512a\u5148\u4e8b\u9805\uff0c\u5305\u62ec\u5b89\u5168\u3001\u4f7f\u7528\u8005\u4fbf\u5229\u5ea6\u3001\u4f01\u696d\u76ee\u6a19\u4ee5\u53ca\u8cbb\u7528\u3002\u70ba\u4e86\u964d\u4f4e\u99ed\u5ba2\u3001\u60e1\u610f\u7a0b\u5f0f\u5143\u4ef6\u548c\u5167\u90e8\u4eba\u54e1\u9020\u6210\u7684\u98a8\u96aa\uff0c\u7d44\u7e54\u5fc5\u9808\u6839\u64da\u8cc7\u7522\u50f9\u503c\u3001\u66b4\u9732\u5ea6\u56e0\u6578\u548c\u5176\u4ed6\u95dc\u9375\u6307\u6a19\u8ce6\u4e88\u6bcf\u500b\u98a8\u96aa\u76f8\u61c9\u7684\u91d1\u984d\uff0c\u7136\u5f8c\u63a1\u53d6\u9632\u7bc4\u63aa\u65bd\uff0c\u5982\u8a2d\u5b9a\u9632\u706b\u7246\u4ee5\u6e1b\u5c11\u5931\u53bb\u7684\u4e8b\u5be6\u98a8\u96aa\u3002",
    "quiz": {
        "TF": [
            {
                "question": "Does prioritizing risks aid in the assignment of security resources?",
                "answer": true
            },
            {
                "question": "What is computer security?",
                "answer": null
            },
            {
                "question": "Has the explosion of networking shifted focus from protecting individual computers to protecting interconnected computers?",
                "answer": true
            },
            {
                "question": "Should confidential information be accessible to unauthorized users?",
                "answer": false
            },
            {
                "question": "What are the goals for implementing security practices?",
                "answer": "Confidentiality, Integrity, and Availability"
            }
        ],
        "CH": [
            {
                "question": "What is the DAD Triad?",
                "choices": [
                    "A collection of security controls",
                    "Intrusion detection systems used by security professionals",
                    "A summary of the goals of those who seek to evade security measures (disclosure, alteration, and denial)",
                    "A type of firewall protecting TCP/IP protocol"
                ],
                "answer": "C"
            },
            {
                "question": "What type of computer program carries out malicious actions when run on a system?",
                "choices": [
                    "Virus",
                    "Worm",
                    "Trojan horse",
                    "Backdoor"
                ],
                "answer": "Virus"
            },
            {
                "question": "What are two major classifications of risk assessment techniques?",
                "choices": [
                    "Disclosure, Alteration, and Denial",
                    "# Risk Analysis",
                    "# Considering Security Tradeoffs (Continued)",
                    "Security professionals formalize the risk analysis process"
                ],
                "answer": "# Risk Analysis"
            }
        ],
        "BK": [
            {
                "question": "What is a primary goal of prioritizing risks in security?",
                "answer": "to aid in the assignment of security resources"
            },
            {
                "question": "What does risk transference involve?",
                "answer": "Two major classifications of risk assessment techniques"
            },
            {
                "question": "What is another term for risk analysis?",
                "answer": "Risk Analysis"
            },
            {
                "question": "When considering security measures, what factors should be taken into account?",
                "answer": "Tradeoff considerations are security, user convenience, business goals, and expenses."
            },
            {
                "question": "What is the purpose of formalizing the risk analysis process for security professionals?",
                "answer": "Security professionals formalize the risk analysis process"
            },
            {
                "question": "What types of malware can be used to compromise network security?",
                "answer": "Virus, worm, Trojan horse"
            },
            {
                "question": "The focus in computer protection has shifted from protecting individual computers to protecting what type of computers?",
                "answer": "interconnected"
            },
            {
                "question": "What are the three goals of those who seek to evade security measures, as described by the DAD Triad?",
                "answer": "disclosure, alteration, and denial"
            },
            {
                "question": "A key principle in computer security is that confidential information should be _______ to unauthorized users.",
                "answer": "not accessible"
            },
            {
                "question": "What type of systems are designed to detect and report potential security threats?",
                "answer": "intrusion detection systems"
            }
        ],
        "QA": [
            {
                "question": "What are the three types of responses that individuals may have when confronted with a security threat?",
                "answer": "Disclosure, Alteration, and Denial"
            },
            {
                "question": "What is the name of malicious software that replicates itself from system to system without any user intervention?",
                "answer": "Virus"
            },
            {
                "question": "What type of malicious program disguises itself as a legitimate file or program, allowing it to gain unauthorized access to a computer system?",
                "answer": "Trojan horse"
            },
            {
                "question": "What are the two major classifications of risk assessment techniques?",
                "answer": "Qualitative and Quantitative"
            },
            {
                "question": "How did the advent of Local Area Networks (LANS) and Internet make the job of computer security more difficult?",
                "answer": "It made the job much more difficult"
            },
            {
                "question": "What is a computer program that carries out malicious actions when run on a system?",
                "answer": "A computer virus."
            },
            {
                "question": "What are some threats to security include?",
                "answer": "Hackers, malicious code objects, and malicious insiders."
            },
            {
                "question": "What does the term Quantitative Risk Assessment refer to in Computer Security Basics?",
                "answer": "A risk analysis method that uses numerical values to assess potential risks."
            },
            {
                "question": "What are the two major classifications of risk assessment techniques?",
                "answer": "Qualitative and Quantitative"
            },
            {
                "question": "What does it mean to take preventative measures to reduce the risk, with an example given?",
                "answer": "Risk Mitigation, such as using a firewall."
            },
            {
                "question": "What is the method of valuation that estimates the cost of replacing something?",
                "answer": "Replacement Cost Valuation"
            },
            {
                "question": "What types of malicious software are there?",
                "answer": "Virus, worm, Trojan horse"
            }
        ]
    },
    "exe_time": 1690.0998406410217,
    "chat": "<|im_start|>user\n\u5982\u4f55\u964d\u4f4e\u98a8\u96aa\n<|im_end|>\n<|im_start|>assistant\n\u964d\u4f4e\u98a8\u96aa\u7684\u65b9\u6cd5\u5305\u62ec\uff1a\n\n1. \u5206\u6790\u98a8\u96aa\uff1a\u8a55\u4f30\u6bcf\u500b\u98a8\u96aa\u7684\u53ef\u80fd\u6027\u548c\u56b4\u91cd\u6027\u3002\n2. \u8a2d\u7f6e\u5b89\u5168\u63aa\u65bd\uff1a\u4f8b\u5982\u8a2d\u7f6e\u9632\u706b\u7246\u3001\u4f7f\u7528\u52a0\u5bc6\u6280\u8853\u7b49\u3002\n3. \u57f9\u8a13\u54e1\u5de5\uff1a\u6559\u6703\u54e1\u5de5\u5982\u4f55\u8b58\u5225\u548c\u5831\u544a\u53ef\u80fd\u5b58\u5728\u7684\u98a8\u96aa\u3002\n4. \u9032\u884c\u5b9a\u671f\u6aa2\u67e5\uff1a\u5b9a\u671f\u6aa2\u67e5\u7cfb\u7d71\u548c\u7a0b\u5e8f\uff0c\u4ee5\u78ba\u4fdd\u5b89\u5168\u63aa\u65bd\u6709\u6548\u3002\n\n\u9019\u4e9b\u65b9\u6cd5\u53ef\u4ee5\u5e6b\u52a9\u964d\u4f4e\u98a8\u96aa\uff0c\u4fdd\u8b77\u8cc7\u7522\u3002\n<|im_end|>\n<|im_start|>user\n\u600e\u9ebc\u8a55\u4f30\u8cc7\u7522\u50f9\u503c\n<|im_end|>\n<|im_start|>assistant\n\u8a55\u4f30\u8cc7\u7522\u50f9\u503c\u7684\u6b65\u9a5f\u5305\u62ec\uff1a\n\n1. **\u8b58\u5225\u8cc7\u7522**\uff1a\u78ba\u5b9a\u7d44\u7e54\u6240\u64c1\u6709\u7684\u8cc7\u7522\uff0c\u4f8b\u5982\u786c\u4ef6\u3001\u8edf\u4ef6\u3001\u8cc7\u6599\u7b49\u3002\n2. **\u5b9a\u7fa9\u98a8\u96aa**\uff1a\u6839\u64da\u8cc7\u7522\u53ca\u5176\u5c0d\u7d44\u7e54\u91cd\u8981\u6027\u7684\u7a0b\u5ea6\uff0c\u5c07\u98a8\u96aa\u5206\u985e\u70ba\u9ad8\u3001\u4e2d\u3001\u4f4e\u98a8\u96aa\u3002\n3. **\u4f30\u7b97\u640d\u5931**\uff1a\u8a08\u7b97\u5982\u679c\u8cc7\u7522\u906d\u5230\u7834\u58de\u6216\u4e1f\u5931\u6642\uff0c\u53ef\u80fd\u9020\u6210\u7684\u7d93\u6fdf\u548c\u696d\u52d9\u640d\u5931\u3002\n4. **\u8a55\u4f30\u66b4\u9732\u5ea6**\uff1a\u6839\u64da\u8cc7\u7522\u7684\u654f\u611f\u6027\u548c\u5c0d\u5916\u90e8\u74b0\u5883\u7684\u66b4\u9732\u7a0b\u5ea6\uff0c\u8a55\u4f30\u98a8\u96aa\u7684\u53ef\u80fd\u6027\u3002\n5. **\u7d9c\u5408\u8003\u616e**\uff1a\u7d9c\u5408\u8003\u616e\u8cc7\u7522\u50f9\u503c\u3001\u98a8\u96aa\u3001\u66b4\u9732\u5ea6\u7b49\u56e0\u7d20\uff0c\u78ba\u5b9a\u6bcf\u500b\u8cc7\u7522\u7684\u7e3d\u9ad4\u98a8\u96aa\u503c\u3002\n\n\u5177\u9ad4\u65b9\u6cd5\u5305\u62ec\uff1a\n\n* \u4f7f\u7528\u98a8\u96aa\u7ba1\u7406\u6a21\u578b\uff0c\u5982\u98a8\u96aa\u8a55\u4f30\u8868\uff08Risk Assessment Table\uff09\n* \u53c3\u7167\u696d\u754c\u6a19\u6e96\u6216\u6700\u4f73\u5be6\u8e10\n* \u9032\u884c\u7d93\u9a57\u548c\u77e5\u8b58\u8f49\u79fb\n\n\u900f\u904e\u9019\u4e9b\u6b65\u9a5f\uff0c\u7d44\u7e54\u53ef\u4ee5\u660e\u78ba\u6bcf\u500b\u8cc7\u7522\u7684\u50f9\u503c\uff0c\u4e26\u6839\u64da\u8a72\u50f9\u503c\u9032\u884c\u98a8\u96aa\u8a55\u4f30\uff0c\u505a\u51fa\u9069\u7576\u7684\u5b89\u5168\u548c\u98a8\u96aa\u7ba1\u7406\u6c7a\u7b56\u3002\n<|im_end|>\n"
}