{
    "id": "1726513560507",
    "isMark": false,
    "pdfs": [
        {
            "path": "\u8cc7\u8a0a\u5b89\u5168\u5be6\u52d9\u8207\u7ba1\u7406_\u8b1b\u7fa9",
            "name": "CH03_Authorization"
        }
    ],
    "title": "\"Network Security: A Comprehensive Review\"",
    "content": "Network Security: A Comprehensive Review of Firewalls and Access Control Measures. This abstract reviews the different types of firewalls (packet filter, stateful packet filter, application proxy, personal firewall) and access control measures (Access Control Matrix, MLS, IDS), emphasizing their roles in protecting sensitive information from unauthorized access.",
    "zh_content": "\u7db2\u8def\u5b89\u5168\uff1a\u7d9c\u5408\u8a55\u4f30\u9632\u706b\u7246\u8207\u5b58\u53d6\u63a7\u5236\u63aa\u65bd\u7684\u4ecb\u7d39\u3002\u9019\u500b\u6458\u8981\u56de\u9867\u4e86\u4e0d\u540c\u985e\u578b\u7684\u9632\u706b\u7246\uff08\u5c01\u5305\u904e\u6ffe\u5668\u3001\u72c0\u614b\u5c01\u5305\u904e\u6ffe\u5668\u3001\u61c9\u7528\u7a0b\u5f0f\u4ee3\u7406\u3001\u500b\u4eba\u9632\u706b\u7246\uff09\u548c\u5b58\u53d6\u63a7\u5236\u63aa\u65bd\uff08\u5b58\u53d6\u63a7\u5236\u77e9\u9663\u3001MLS\u3001IDS\uff09\uff0c\u5f37\u8abf\u5176\u5728\u4fdd\u8b77\u654f\u611f\u8cc7\u8a0a\u514d\u65bc\u672a\u7d93\u6388\u6b0a\u5b58\u53d6\u7684\u89d2\u8272\u3002",
    "quiz": {
        "TF": [
            {
                "question": "IDS was initially developed out of analysis of what?",
                "answer": "log files"
            },
            {
                "question": "What is IDS currently considered in the research community?",
                "answer": "a very hot topic"
            },
            {
                "question": "To respond to detected intrusions, which tool is NOT used?",
                "answer": "Access control matrix/ACLs/Capabilities"
            }
        ],
        "CH": [
            {
                "question": "What can be used to protect a user or home network?",
                "choices": [
                    "Access control matrix",
                    "Stateful packet filter",
                    "Application proxy"
                ],
                "answer": "Stateful packet filter"
            },
            {
                "question": "What is a form of access control?",
                "choices": [
                    "User authentication",
                    "Proxy server",
                    "Firewall",
                    "Multilevel Security"
                ],
                "answer": "Authorization"
            }
        ],
        "BK": [
            {
                "question": "The US Department of Defense uses ______ levels of classifications/clearances.",
                "answer": "4"
            },
            {
                "question": "Authorization is a form of ______ access control.",
                "answer": "access"
            },
            {
                "question": "_______ is a traditional focus of computer security that compares to locking the door on your car.",
                "answer": "Intrusion prevention"
            },
            {
                "question": "A network firewall operates at which layer?",
                "answer": "network layer"
            },
            {
                "question": "What can filters based on a network firewall?",
                "answer": "Source IP address, Destination IP address, Source Port, Destination Port"
            },
            {
                "question": "What are some disadvantages of using packet filtering as an IDS?",
                "answer": "Cannot see application data, Slower than packet filtering"
            },
            {
                "question": "An accounting program is an example of ______________, as it performs financial tasks for a user.",
                "answer": "an application"
            },
            {
                "question": "A firewall must determine what to let in to the internal network and/or what to let out to prevent unauthorized access, this is done through something called a ______________.",
                "answer": "ruleset"
            },
            {
                "question": "Biometrics, such as fingerprints or facial recognition, are used for ______________, which is a type of authentication.",
                "answer": "identification"
            },
            {
                "question": "An access control matrix has all relevant information related to user identities, group membership, and system resources, making it useful for managing ______________.",
                "answer": "permissions"
            },
            {
                "question": "To manage large access control matrices efficiently, consider using a ______________ that can help streamline permission management.",
                "answer": "access control software"
            }
        ],
        "QA": [
            {
                "question": "What is the primary purpose of an Access Control List (ACL) in MLS security models?",
                "answer": "The primary purpose of an Access Control List (ACL) in MLS security models is to grant or deny access to specific subjects (users, programs, etc.) based on their clearance levels and the sensitivity labels of the objects they are attempting to access."
            },
            {
                "question": "What is the primary function of a packet filter in an accounting program?",
                "answer": "Adds state to"
            },
            {
                "question": "At which layer does a firewall operate in order to control what data is allowed in and out of the internal network?",
                "answer": "transport"
            },
            {
                "question": "What information might be restricted access to in a business setting, necessitating the use of a firewall?",
                "answer": "Confidential medical info, databases"
            },
            {
                "question": "What are two common types of access control methods?",
                "answer": "Access control matrix/ACLs/Capabilities"
            },
            {
                "question": "What is a traditional focus of computer security that includes firewalls and virus defenses?",
                "answer": "Intrusion prevention"
            },
            {
                "question": "What operates at the transport layer to add state to packet filter?",
                "answer": "Firewall"
            },
            {
                "question": "What comparable security measure can be taken on a car, similar to installing firewalls on a network?",
                "answer": "Locking the door"
            }
        ]
    },
    "exe_time": 1182.1540007591248,
    "chat": ""
}