{
    "id": "1726492275466",
    "isMark": false,
    "pdfs": [
        {
            "path": "\u8cc7\u8a0a\u5b89\u5168\u5be6\u52d9\u8207\u7ba1\u7406_\u8b1b\u7fa9",
            "name": "CH04_General Security Principles and Practices"
        }
    ],
    "title": "\"Ensuring Accessible Security Guidelines in Organizational Information Systems\"",
    "content": "\"Organizational information systems must provide accessible security guidelines to all users. Document drafting processes ensure consensus is reached within mandated timeframes, balancing legal and business requirements. Security policies cover diverse topics such as data retention, physical protection measures (including lighting and motion detectors), mobile device usage, and fire safety protocols.\"",
    "zh_content": "\u7d44\u7e54\u8cc7\u8a0a\u7cfb\u7d71\u5fc5\u9808\u5411\u6240\u6709\u7528\u6236\u63d0\u4f9b\u53ef\u5b58\u53d6\u7684\u5b89\u5168\u6307\u5357\u3002 \u6587\u4ef6\u8d77\u8349\u904e\u7a0b\u78ba\u4fdd\u5728\u898f\u5b9a\u7684\u6642\u9593\u5167\u53d6\u5f97\u4e00\u81f4\u610f\u898b\uff0c\u5e73\u8861\u6cd5\u5f8b\u548c\u696d\u52d9\u9700\u6c42\u3002 \u5b89\u5168\u653f\u7b56\u6db5\u84cb\u4e86\u8a31\u591a\u4e3b\u984c\uff0c\u5982\u8cc7\u6599\u5132\u5b58\u671f\u3001\u7269\u7406\u4fdd\u8b77\u63aa\u65bd\uff08\u5305\u62ec\u7167\u660e\u548c\u904b\u52d5\u63a2\u6e2c\u5668\uff09\u3001\u884c\u52d5\u88dd\u7f6e\u4f7f\u7528\u548c\u6d88\u9632\u5b89\u5168.protocol.",
    "quiz": {
        "TF": [
            {
                "question": "Electronic devices emit electromagnetic radiation.",
                "answer": true
            },
            {
                "question": "Exit policies require employees to take a specific route when leaving the building.",
                "answer": false
            },
            {
                "question": "Fences are typically used as a physical barrier for security purposes.",
                "answer": true
            },
            {
                "question": "Lighting is an effective way to deter intruders.",
                "answer": false
            },
            {
                "question": "Motion detectors can be used in conjunction with other security measures.",
                "answer": true
            },
            {
                "question": "Employees may be asked to sign nondisclosure agreements",
                "answer": true
            },
            {
                "question": "For each category, defines minimum retention time",
                "answer": true
            },
            {
                "question": "Reporting violations - Procedures when violations occur is part of Confidentiality Policy",
                "answer": true
            }
        ],
        "CH": [
            {
                "question": "What are two examples of physical measures to protect a facility?",
                "choices": [
                    "Use fences around the facility and biometrics for specific offices within a facility",
                    "Use fire extinguishers and CCTV cameras",
                    "Implement background checks and employee monitoring software",
                    "None of the above"
                ],
                "answer": "0"
            },
            {
                "question": "What is another common violation that can occur in information security?",
                "choices": [
                    "Privilege creep",
                    "Single document policy",
                    "Multiple document policy",
                    "Building code compliance"
                ],
                "answer": "Privilege creep"
            },
            {
                "question": "What are some common examples of suppression systems?",
                "choices": [
                    "Sprinklers, chemicals, and fire extinguishers",
                    "Mobile phones, PDAs, palm computers",
                    "Access control systems, intrusion detection systems",
                    "Biometric scanners, smart cards"
                ],
                "answer": "Sprinklers, chemicals, and fire extinguishers"
            },
            {
                "question": "What is another common violation that occurs because of what?",
                "choices": [
                    "Privilege creep",
                    "Access control errors",
                    "Data corruption",
                    "Firewall weaknesses"
                ],
                "answer": "Privilege creep"
            },
            {
                "question": "What types of devices does a Personal Digital Assistant (PDA) include?",
                "choices": [
                    "Mobile phones, PDAs, palm computers",
                    "Laptops, tablets, smartphones",
                    "Desktops, servers, mainframes",
                    "Printers, scanners, photocopiers"
                ],
                "answer": "Mobile phones, PDAs, palm computers"
            },
            {
                "question": "What may mandate a personnel security clearance time?",
                "choices": [
                    "Law, regulation, business needs",
                    "Government contracts, grant proposals",
                    "Company policies, internal procedures",
                    "Federal, state, and local laws"
                ],
                "answer": "Law, regulation, business needs"
            }
        ],
        "BK": [
            {
                "question": "Security policies range from ______________ to multiple documents for specialized use or for specific groups of users.",
                "answer": "single documents"
            },
            {
                "question": "Employees who are not on board with security policies may ______________, leaving the information system vulnerable.",
                "answer": "bypass"
            },
            {
                "question": "Some organizations conduct ______________ to ensure that employees are trustworthy and fit for certain roles.",
                "answer": "background checks"
            },
            {
                "question": "Fire protection is a critical aspect of ______________ policies in many organizations.",
                "answer": "security"
            },
            {
                "question": "What does a security checklist typically ensure for data resources?",
                "answer": "natural disasters such as fires and floods"
            },
            {
                "question": "What is the primary purpose of monitoring employee activity in a workplace?",
                "answer": "Security checklists are used to protect data resources from natural disasters, ensuring their integrity in the face of unforeseen events like fires and floods."
            }
        ],
        "QA": [
            {
                "question": "Why is it important to have employees on board with security policies?",
                "answer": "Important because employees who are not on board may bypass the security policies, leaving the information system vulnerable."
            },
            {
                "question": "What is defined for each category in a Defense In Depth strategy?",
                "answer": "minimum retention time"
            },
            {
                "question": "What type of security policy would be used to protect against fires?",
                "answer": "Fire protection"
            },
            {
                "question": "How are security policies typically structured?",
                "answer": "range from single documents to multiple documents"
            },
            {
                "question": "What are the sources of information security principles?",
                "answer": "Military and commercial fields."
            },
            {
                "question": "What are some methods used in physical security to prevent unauthorized access?",
                "answer": "Fences, Lighting, and Motion detectors."
            },
            {
                "question": "What are two examples of physical security measures related to exit procedures?",
                "answer": "Exit policies."
            },
            {
                "question": "What type of data can an organization monitor under its Data Retention Policy?",
                "answer": "Monitoring Internet activity, surveillance cameras, and telephone recording"
            },
            {
                "question": "What is a common requirement for employees working with sensitive company information?",
                "answer": "Nondisclosure agreements"
            }
        ]
    },
    "exe_time": 2987.705182313919,
    "chat": ""
}